[
    {
        "measurement": 5,
        "filename": "4-15-1-lab.png"
    },
    {
        "measurement": 6,
        "filename": "4-15-1-ling.png"
    },
    {
        "measurement": 10,
        "filename": "4-15-1006-lab.png"
    },
    {
        "measurement": 10,
        "filename": "4-15-1006-ling.png"
    },
    {
        "measurement": 5,
        "filename": "4-15-1025-lab.png"
    },
    {
        "measurement": 5,
        "filename": "4-15-1025-ling.png"
    },
    {
        "measurement": 11,
        "filename": "4-15-1026-lab.png"
    },
    {
        "measurement": 11,
        "filename": "4-15-1026-ling.png"
    },
    {
        "measurement": 6,
        "filename": "4-15-1057-lab.png"
    },
    {
        "measurement": 6,
        "filename": "4-15-1057-ling.png"
    },
    {
        "measurement": 6,
        "filename": "4-15-1058-lab.png"
    },
    {
        "measurement": 6,
        "filename": "4-15-1058-ling.png"
    },
    {
        "measurement": 8,
        "filename": "4-15-1059-lab.png"
    },
    {
        "measurement": 8,
        "filename": "4-15-1059-ling.png"
    },
    {
        "measurement": 11,
        "filename": "4-15-1062-lab.png"
    },
    {
        "measurement": 11,
        "filename": "4-15-1062-ling.png"
    },
    {
        "measurement": 8,
        "filename": "4-15-1090-lab.png"
    },
    {
        "measurement": 8,
        "filename": "4-15-1090-ling.png"
    },
    {
        "measurement": 6,
        "filename": "4-15-1097-lag.png"
    },
    {
        "measurement": 6,
        "filename": "4-15-1097-ling-blue.png"
    },
    {
        "measurement": 5,
        "filename": "4-15-1118-lab.png"
    },
    {
        "measurement": 7,
        "filename": "4-15-1118-ling.png"
    },
    {
        "measurement": 7,
        "filename": "4-15-1129-lab.png"
    },
    {
        "measurement": 8,
        "filename": "4-15-1129-ling.png"
    },
    {
        "measurement": 6,
        "filename": "4-15-1149-lab.png"
    },
    {
        "measurement": 5,
        "filename": "4-15-1150-lab.png"
    },
    {
        "measurement": 5,
        "filename": "4-15-1150-ling.png"
    },
    {
        "measurement": 6,
        "filename": "4-15-1152-lab.png"
    },
    {
        "measurement": 6,
        "filename": "4-15-1152-ling.png"
    },
    {
        "measurement": 11,
        "filename": "4-15-1153-lab.png"
    },
    {
        "measurement": 11,
        "filename": "4-15-1153-ling.png"
    },
    {
        "measurement": 5,
        "filename": "4-15-1154-lab.png"
    },
    {
        "measurement": 5,
        "filename": "4-15-1154-ling.png"
    },
    {
        "measurement": 9,
        "filename": "4-15-1180-lab.png"
    },
    {
        "measurement": 9,
        "filename": "4-15-1180-ling.png"
    },
    {
        "measurement": 5,
        "filename": "4-15-1182-lab.png"
    },
    {
        "measurement": 5,
        "filename": "4-15-1182-ling.png"
    },
    {
        "measurement": 8,
        "filename": "4-15-1198-lab.png"
    },
    {
        "measurement": 9,
        "filename": "4-15-1198-ling.png"
    },
    {
        "measurement": 3,
        "filename": "4-15-125-lab.png"
    },
    {
        "measurement": 3,
        "filename": "4-15-125-ling.png"
    },
    {
        "measurement": 3,
        "filename": "4-15-126-lab.png"
    },
    {
        "measurement": 3,
        "filename": "4-15-126-ling.png"
    },
    {
        "measurement": 4,
        "filename": "4-15-127-lab.png"
    },
    {
        "measurement": 4,
        "filename": "4-15-127-ling.png"
    },
    {
        "measurement": 6,
        "filename": "4-15-128-lab.png"
    },
    {
        "measurement": 6,
        "filename": "4-15-128-ling.png"
    },
    {
        "measurement": 5,
        "filename": "4-15-134-lab.png"
    },
    {
        "measurement": 5,
        "filename": "4-15-134-ling.png"
    },
    {
        "measurement": 6,
        "filename": "4-15-156-lab.png"
    },
    {
        "measurement": 6,
        "filename": "4-15-156-ling.png"
    },
    {
        "measurement": 5,
        "filename": "4-15-187-lab.png"
    },
    {
        "measurement": 5,
        "filename": "4-15-187-ling.png"
    },
    {
        "measurement": 8,
        "filename": "4-15-188-lab.png"
    },
    {
        "measurement": 8,
        "filename": "4-15-188-ling.png"
    },
    {
        "measurement": 12,
        "filename": "4-15-199-lab.png"
    },
    {
        "measurement": 8,
        "filename": "4-15-902-ling.png"
    },
    {
        "measurement": 7,
        "filename": "4-15-903-lab.png"
    },
    {
        "measurement": 7,
        "filename": "4-15-903-ling.png"
    },
    {
        "measurement": 10,
        "filename": "4-15-932-lab.png"
    },
    {
        "measurement": 8,
        "filename": "4-15-932-ling.png"
    },
    {
        "measurement": 7,
        "filename": "4-15-933-lab.png"
    },
    {
        "measurement": 8,
        "filename": "4-15-933-ling.png"
    },
    {
        "measurement": 7,
        "filename": "4-15-936-lab.png"
    },
    {
        "measurement": 7,
        "filename": "4-15-936-ling.png"
    },
    {
        "measurement": 6,
        "filename": "4-15-963-lab.png"
    },
    {
        "measurement": 6,
        "filename": "4-15-963-ling.png"
    },
    {
        "measurement": 10,
        "filename": "4-15-967-lab.png"
    },
    {
        "measurement": 10,
        "filename": "4-15-967-ling.png"
    },
    {
        "measurement": 10,
        "filename": "4-15-968-lab.png"
    },
    {
        "measurement": 10,
        "filename": "4-15-968-ling.png"
    },
    {
        "measurement": 6,
        "filename": "4-15-997-lab.png"
    },
    {
        "measurement": 6,
        "filename": "4-15-997-ling.png"
    },
    {
        "measurement": 12,
        "filename": "4-5-1006-lab.png"
    },
    {
        "measurement": 12,
        "filename": "4-5-1006-ling.png"
    },
    {
        "measurement": 5,
        "filename": "4-15-811-lab.png"
    },
    {
        "measurement": 5,
        "filename": "4-15-811-ling.png"
    },
    {
        "measurement": 7,
        "filename": "4-15-812-lab.png"
    },
    {
        "measurement": 7,
        "filename": "4-15-812-ling.png"
    },
    {
        "measurement": 10,
        "filename": "4-15-818-lab.png"
    },
    {
        "measurement": 11,
        "filename": "4-15-818-ling.png"
    },
    {
        "measurement": 8,
        "filename": "4-15-820-lab.png"
    },
    {
        "measurement": 8,
        "filename": "4-15-820-ling.png"
    },
    {
        "measurement": 8,
        "filename": "4-15-839-lab.png"
    },
    {
        "measurement": 7,
        "filename": "4-15-839-ling.png"
    },
    {
        "measurement": 7,
        "filename": "4-15-840-lab.png"
    },
    {
        "measurement": 4,
        "filename": "4-15-840-ling.png"
    },
    {
        "measurement": 8,
        "filename": "4-15-846-lab.png"
    },
    {
        "measurement": 7,
        "filename": "4-15-846-ling.png"
    },
    {
        "measurement": 6,
        "filename": "4-15-848-lab.png"
    },
    {
        "measurement": 6,
        "filename": "4-15-848-ling.png"
    },
    {
        "measurement": 12,
        "filename": "4-15-901-lab.png"
    },
    {
        "measurement": 12,
        "filename": "4-15-901-ling.png"
    },
    {
        "measurement": 6,
        "filename": "4-15-1149-ling.png"
    },
    {
        "measurement": 8,
        "filename": "4-15-199-ling.png"
    },
    {
        "measurement": 4,
        "filename": "4-15-314-ling.png"
    },
    {
        "measurement": 7,
        "filename": "4-15-472-lab.png"
    },
    {
        "measurement": 10,
        "filename": "4-15-510-ling.png"
    },
    {
        "measurement": 6,
        "filename": "4-15-537-ling.png"
    },
    {
        "measurement": 3,
        "filename": "4-15-654-ling.png"
    },
    {
        "measurement": 6,
        "filename": "4-15-808-ling.png"
    },
    {
        "measurement": 8,
        "filename": "4-15-902-lab.png"
    },
    {
        "measurement": 6,
        "filename": "4-15-655-lab.png"
    },
    {
        "measurement": 6,
        "filename": "4-15-655-ling.png"
    },
    {
        "measurement": 6,
        "filename": "4-15-66-lab.png"
    },
    {
        "measurement": 6,
        "filename": "4-15-66-ling.png"
    },
    {
        "measurement": 15,
        "filename": "4-15-663-lab.png"
    },
    {
        "measurement": 13,
        "filename": "4-15-663-ling.png"
    },
    {
        "measurement": 10,
        "filename": "4-15-686-lab.png"
    },
    {
        "measurement": 10,
        "filename": "4-15-686-ling.png"
    },
    {
        "measurement": 12,
        "filename": "4-15-687-lab.png"
    },
    {
        "measurement": 12,
        "filename": "4-15-687-ling.png"
    },
    {
        "measurement": 10,
        "filename": "4-15-688-lab.png"
    },
    {
        "measurement": 10,
        "filename": "4-15-688-ling.png"
    },
    {
        "measurement": 7,
        "filename": "4-15-69-lab.png"
    },
    {
        "measurement": 7,
        "filename": "4-15-69-ling.png"
    },
    {
        "measurement": 5,
        "filename": "4-15-717-lab.png"
    },
    {
        "measurement": 5,
        "filename": "4-15-717-ling.png"
    },
    {
        "measurement": 8,
        "filename": "4-15-747-lab.png"
    },
    {
        "measurement": 7,
        "filename": "4-15-747-ling.png"
    },
    {
        "measurement": 10,
        "filename": "4-15-749-lab.png"
    },
    {
        "measurement": 10,
        "filename": "4-15-749-ling.png"
    },
    {
        "measurement": 6,
        "filename": "4-15-781-lab.png"
    },
    {
        "measurement": 6,
        "filename": "4-15-781-ling.png"
    },
    {
        "measurement": 6,
        "filename": "4-15-808-lab.png"
    },
    {
        "measurement": 7,
        "filename": "4-15-541-lab.png"
    },
    {
        "measurement": 7,
        "filename": "4-15-541-ling.png"
    },
    {
        "measurement": 12,
        "filename": "4-15-566-lab.png"
    },
    {
        "measurement": 12,
        "filename": "4-15-566-ling.png"
    },
    {
        "measurement": 10,
        "filename": "4-15-592-lab.png"
    },
    {
        "measurement": 10,
        "filename": "4-15-592-ling.png"
    },
    {
        "measurement": 7,
        "filename": "4-15-593-lab.png"
    },
    {
        "measurement": 7,
        "filename": "4-15-593-ling.png"
    },
    {
        "measurement": 14,
        "filename": "4-15-594-lab.png"
    },
    {
        "measurement": 14,
        "filename": "4-15-594-ling.png"
    },
    {
        "measurement": 7,
        "filename": "4-15-598-lab.png"
    },
    {
        "measurement": 4,
        "filename": "4-15-598-ling.png"
    },
    {
        "measurement": 10,
        "filename": "4-15-622-lab.png"
    },
    {
        "measurement": 10,
        "filename": "4-15-622-ling.png"
    },
    {
        "measurement": 5,
        "filename": "4-15-626-lab.png"
    },
    {
        "measurement": 6,
        "filename": "4-15-626-ling.png"
    },
    {
        "measurement": 5,
        "filename": "4-15-63-lab.png"
    },
    {
        "measurement": 4,
        "filename": "4-15-63-ling.png"
    },
    {
        "measurement": 7,
        "filename": "4-15-64-lab.png"
    },
    {
        "measurement": 7,
        "filename": "4-15-64-ling.png"
    },
    {
        "measurement": 6,
        "filename": "4-15-65-lab.png"
    },
    {
        "measurement": 6,
        "filename": "4-15-65-ling.png"
    },
    {
        "measurement": 4,
        "filename": "4-15-653-lab.png"
    },
    {
        "measurement": 3,
        "filename": "4-15-653-ling.png"
    },
    {
        "measurement": 3,
        "filename": "4-15-654-lab.png"
    },
    {
        "measurement": 9,
        "filename": "4-15-511-lab.png"
    },
    {
        "measurement": 9,
        "filename": "4-15-511-ling.png"
    },
    {
        "measurement": 7,
        "filename": "4-15-512-lab.png"
    },
    {
        "measurement": 7,
        "filename": "4-15-512-ling.png"
    },
    {
        "measurement": 4,
        "filename": "4-15-529-lab.png"
    },
    {
        "measurement": 7,
        "filename": "4-15-529-ling.png"
    },
    {
        "measurement": 3,
        "filename": "4-15-530-lab.png"
    },
    {
        "measurement": 9,
        "filename": "4-15-530-ling.png"
    },
    {
        "measurement": 2,
        "filename": "4-15-531-lab.png"
    },
    {
        "measurement": 2,
        "filename": "4-15-531-ling.png"
    },
    {
        "measurement": 6,
        "filename": "4-15-532-lab.png"
    },
    {
        "measurement": 6,
        "filename": "4-15-532-ling.png"
    },
    {
        "measurement": 5,
        "filename": "4-15-533-lab.png"
    },
    {
        "measurement": 5,
        "filename": "4-15-533-ling.png"
    },
    {
        "measurement": 5,
        "filename": "4-15-534-lab.png"
    },
    {
        "measurement": 5,
        "filename": "4-15-534-ling.png"
    },
    {
        "measurement": 6,
        "filename": "4-15-537-lab.png"
    },
    {
        "measurement": 7,
        "filename": "4-15-472-ling.png"
    },
    {
        "measurement": 7,
        "filename": "4-15-473-lab.png"
    },
    {
        "measurement": 7,
        "filename": "4-15-473-ling.png"
    },
    {
        "measurement": 10,
        "filename": "4-15-476-lab.png"
    },
    {
        "measurement": 10,
        "filename": "4-15-476-ling.png"
    },
    {
        "measurement": 3,
        "filename": "4-15-498-lab.png"
    },
    {
        "measurement": 3,
        "filename": "4-15-498-ling.png"
    },
    {
        "measurement": 7,
        "filename": "4-15-501-lab.png"
    },
    {
        "measurement": 7,
        "filename": "4-15-501-ling.png"
    },
    {
        "measurement": 5,
        "filename": "4-15-502-lab.png"
    },
    {
        "measurement": 5,
        "filename": "4-15-502-ling.png"
    },
    {
        "measurement": 6,
        "filename": "4-15-503-lab.png"
    },
    {
        "measurement": 6,
        "filename": "4-15-503-ling.png"
    },
    {
        "measurement": 6,
        "filename": "4-15-504-lab.png"
    },
    {
        "measurement": 6,
        "filename": "4-15-504-ling.png"
    },
    {
        "measurement": 5,
        "filename": "4-15-506-lab.png"
    },
    {
        "measurement": 5,
        "filename": "4-15-506-ling.png"
    },
    {
        "measurement": 10,
        "filename": "4-15-510-lab.png"
    },
    {
        "measurement": 6,
        "filename": "4-15-375-lab.png"
    },
    {
        "measurement": 6,
        "filename": "4-15-375-ling.png"
    },
    {
        "measurement": 7,
        "filename": "4-15-380-lab.png"
    },
    {
        "measurement": 7,
        "filename": "4-15-380-ling.png"
    },
    {
        "measurement": 6,
        "filename": "4-15-406-lab.png"
    },
    {
        "measurement": 6,
        "filename": "4-15-406-ling.png"
    },
    {
        "measurement": 6,
        "filename": "4-15-438-lab.png"
    },
    {
        "measurement": 7,
        "filename": "4-15-438-ling.png"
    },
    {
        "measurement": 9,
        "filename": "4-15-439-lab.png"
    },
    {
        "measurement": 10,
        "filename": "4-15-439-ling.png"
    },
    {
        "measurement": 5,
        "filename": "4-15-440-lab.png"
    },
    {
        "measurement": 5,
        "filename": "4-15-440-ling.png"
    },
    {
        "measurement": 9,
        "filename": "4-15-445-lab.png"
    },
    {
        "measurement": 9,
        "filename": "4-15-445-ling.png"
    },
    {
        "measurement": 5,
        "filename": "4-15-469-lab.png"
    },
    {
        "measurement": 5,
        "filename": "4-15-469-ling.png"
    },
    {
        "measurement": 5,
        "filename": "4-15-2-lab.png"
    },
    {
        "measurement": 5,
        "filename": "4-15-2-ling.png"
    },
    {
        "measurement": 4,
        "filename": "4-15-218-lab.png"
    },
    {
        "measurement": 4,
        "filename": "4-15-218-ling.png"
    },
    {
        "measurement": 6,
        "filename": "4-15-219-lab.png"
    },
    {
        "measurement": 6,
        "filename": "4-15-219-ling.png"
    },
    {
        "measurement": 5,
        "filename": "4-15-220-lab.png"
    },
    {
        "measurement": 5,
        "filename": "4-15-220-ling.png"
    },
    {
        "measurement": 7,
        "filename": "4-15-249-lab.png"
    },
    {
        "measurement": 7,
        "filename": "4-15-249-ling.png"
    },
    {
        "measurement": 13,
        "filename": "4-15-250-lab.png"
    },
    {
        "measurement": 12,
        "filename": "4-15-250-ling.png"
    },
    {
        "measurement": 9,
        "filename": "4-15-251-lab.png"
    },
    {
        "measurement": 9,
        "filename": "4-15-251-ling.png"
    },
    {
        "measurement": 7,
        "filename": "4-15-280-lab.png"
    },
    {
        "measurement": 7,
        "filename": "4-15-280-ling.png"
    },
    {
        "measurement": 5,
        "filename": "4-15-312-lab.png"
    },
    {
        "measurement": 5,
        "filename": "4-15-312-ling.png"
    },
    {
        "measurement": 4,
        "filename": "4-15-314-lab.png"
    }
]